Names,Prices
Isolat de protéine de soja (Énchantillon),1.99€
Mélange Protéine végan,1.99€
Clear Vegan Protein (échantillon),1.99€
Clear Whey Isolate (échantillon),2.55€
Myprotein THE Whey V2 (Sample),2.99€
THE Whey™ – Saveur œufs au chocolat (échantillon),3.83€
Smoothie petit déjeuner,3.99€
Mélange de protéines végétales,9.99€
Impact Whey Protein,12.99€
Isolat de protéine de soja,12.99€
Isolat de protéine de pois,12.99€
Chocolat Chaud Protéiné,21.99€
Clear Vegan Protein,23.99€
Gainer Prise de Masse,24.99€
Substitut de repas protéiné,26.99€
Pastilles gélifiées protéinées,26.99€
Clear Whey Isolate,27.99€
Impact Whey Isolate,29.99€
Impact Diet Whey,35.99€
Collagène en poudre,36.99€
Caséine micellaire,37.99€
Clear Whey Diet,38.99€
Whey protéine hydrolysée,39.99€
Peptide de Collagène Hydrolysé,41.99€
Clear All-In-One,42.99€
Mélange Protéiné Total Protein,43.99€
THE Whey,48.99€
Clear Whey Gainer,49.99€
Protéine de lait onctueuse,52.99€
Mélange performance tout-en-un,66.99€
